dad, Wallet
dad, Watch
dad, Tie
dad, Tools
dad, Grooming Kit
dad, Coffee Mug
dad, Sweater
dad, Shaving Kit
dad, Cufflinks
dad, Grill Set
dad, Books
dad, Headphones
dad, Bottle of Whiskey
dad, Personalized Keychain
dad, Bluetooth Speaker
dad, Leather Briefcase
dad, Slippers
dad, Dress Shirt
dad, Fitness Tracker
dad, Golf Accessories
dad, Necktie Organizer
dad, Smartwatch
dad, Socks
dad, Leather Belt
dad, Car Accessories
dad, Multi-Tool
dad, Laptop Bag
dad, Wireless Charger
dad, Cologne
dad, Beer Mug Set
dad, Cigar Set
dad, Pocket Knife
dad, Tablet
dad, Travel Bag
dad, Leather Journal
dad, Wireless Earbuds
dad, Engraved Pen
dad, Tie Clip
dad, Whiskey Glasses
dad, Robe
dad, Desktop Organizer
dad, Pajama Set
dad, Watch Case
dad, Duffel Bag
dad, Fitness Equipment
dad, Portable Power Bank
dad, Personalized Picture Frame
dad, Wallet and Key Organizer
dad, Leather Gloves
dad, Customized T-Shirt
mom,Jewelry
mom,Perfume
mom,Handbags
mom,Scarves
mom,Books
mom,Kitchen appliances
mom,Bathrobe
mom,Skincare products
mom,Gift cards
mom,Sweaters
mom,Candles
mom,Shoes
mom,Cookbooks
mom,Pajamas
mom,Watches
mom,Chocolates
mom,Picture frames
mom,Wine
mom,Plants
mom,Bath salts
mom,Hats
mom,Gloves
mom,Wallets
mom,Personalized items
mom,Teapots
mom,Massagers
mom,Slippers
mom,Yoga mats
mom,Cookware
mom,Smart home devices
mom,Cookware
mom,Coffee makers
mom,Robotic vacuum cleaners
mom,Fitness trackers
mom,Subscription boxes
mom,Wall art
mom,Tablet
mom,Wireless earbuds
mom,Electric blankets
mom,DIY craft kits
mom,Handmade items
mom,Essential oils
mom,Recipe books
mom,Smartwatches
mom,Digital photo frames
mom,Fashion accessories
mom,Fitness equipment
mom,Kitchen gadgets
mom,Virtual experiences
teenager,Video games
teenager,Gift cards
teenager,Headphones
teenager,Clothing
teenager,Shoes
teenager,Books
teenager,Jewelry
teenager,Makeup
teenager,Wallets
teenager,Watches
teenager,Sports equipment
teenager,Bluetooth speakers
teenager,Tablets
teenager,Smartphones
teenager,Laptops
teenager,Board games
teenager,Hoodies
teenager,Posters
teenager,DIY kits
teenager,Art supplies
teenager,Fitness trackers
teenager,Subscription boxes
teenager,Stationery
teenager,Backpacks
teenager,Digital cameras
teenager,Video game consoles
teenager,Action figures
teenager,Graphic novels
teenager,Puzzles
teenager,Scarves
teenager,Socks
teenager,Gloves
teenager,Perfume
teenager,Cologne
teenager,Skateboards
teenager,Bicycles
teenager,Musical instruments
teenager,Wall decor
teenager,Sneakers
teenager,Legos
teenager,Virtual reality headsets
teenager,Drones
teenager,GoPro cameras
teenager,Board shorts
teenager,Sunglasses
teenager,Graphic t-shirts
teenager,Posters of favorite movies or bands
teenager,Portable chargers
kids,Lego sets
kids,Action figures
kids,Dolls
kids,Board games
kids,Art supplies
kids,Remote control cars
kids,Building blocks
kids,Stuffed animals
kids,Video games
kids,Toy kitchen sets
kids,Puzzles
kids,Bikes
kids,Scooters
kids,Books
kids,Play-doh sets
kids,Educational toys
kids,Musical instruments
kids,Dress-up costumes
kids,Trampolines
kids,Sports equipment
kids,Science kits
kids,Model kits
kids,Toy train sets
kids,Outdoor playsets
kids,Toy robots
kids,Dollhouses
kids,Toy tool kits
kids,RC drones
kids,Karaoke machines
kids,Toy cash registers
kids,Skateboards
kids,Water guns
kids,Building and construction sets
kids,Walkie talkies
kids,Toy pianos
kids,Toy cameras
kids,Magic kits
kids,Play tents
kids,Toy microscopes
kids,Toy bows and arrows
kids,Jigsaw puzzles
kids,Toy walkie talkies
kids,Play kitchens
kids,Musical toys
kids,Toy doctor kits
kids,Toy gardening sets
kids,Toy laptops
kids,Toy cell phones
kids,Toy musical instruments
kids,Toy tool benches